"RS_Number","Coord","Alleles","MAF","Distance","Dprime","R2","Correlated_Alleles","RegulomeDB","Function"
"rs2258734","chr1:2483961","(G/A)",0.4288,0,1,1,"G=G,A=A","5",NA
"rs7540342","chr1:38622268","(T/C)",0.1684,0,1,1,"T=T,C=C","6",NA
"rs4655698","chr1:67798327","(T/G)",0.2172,0,1,1,"T=T,G=G","6",NA
"rs10889681","chr1:67799170","(T/C)",0.2172,843,1,1,"T=T,G=C","2b",NA
"rs11209051","chr1:67798895","(C/T)",0.2179,568,1,0.9961,"T=C,G=T","3a",NA
"rs11209050","chr1:67791736","(A/C)",0.2166,-6591,0.9921,0.9804,"T=A,G=C","6",NA
"rs5022165","chr1:67788352","(A/G)",0.2166,-9975,0.9921,0.9804,"T=A,G=G","4",NA
"rs6669016","chr1:67792931","(G/A)",0.2169,-5396,0.9902,0.9785,"T=G,G=A","5",NA
"rs6603974","chr1:92938085","(A/T)",0.116,0,1,1,"A=A,T=T","5",NA
"rs11164567","chr1:92934444","(A/G)",0.1106,-3641,1,0.9482,"A=A,T=G","6",NA
"rs6662618","chr1:92935411","(T/G)",0.119,-2674,0.9869,0.9461,"A=T,T=G","7",NA
"rs2476601","chr1:114377568","(A/G)",0.0361,0,1,1,"A=A,G=G","2b","missense"
"rs6679677","chr1:114303808","(C/A)",0.0351,-73760,1,0.9712,"A=A,G=C","5",NA
"rs798000","chr1:117280696","(C/T)",0.252,0,1,1,"C=C,T=T","2b",NA
"rs12126142","chr1:154425456","(G/A)",0.3272,0,1,1,"G=G,A=A","6",NA
"rs4129267","chr1:154426264","(C/T)",0.3275,808,1,0.9985,"G=C,A=T","2b",NA
"rs2228145","chr1:154426970","(A/C)",0.3279,1514,1,0.997,"G=A,A=C","5","missense"
"rs61812598","chr1:154420087","(G/A)",0.3272,-5369,0.9985,0.997,"G=G,A=A","7",NA
"rs12730935","chr1:154419892","(G/A)",0.3272,-5564,0.9985,0.997,"G=G,A=A","7",NA
"rs12133641","chr1:154428283","(A/G)",0.3292,2827,1,0.9909,"G=A,A=G","7",NA
"rs7529229","chr1:154420778","(T/C)",0.3322,-4678,0.9985,0.9746,"G=T,A=C","2b",NA
"rs7512646","chr1:154420402","(G/C)",0.3326,-5054,0.9985,0.9731,"G=G,A=C","6",NA
"rs12404936","chr1:154421530","(T/C)",0.3309,-3926,0.9924,0.9685,"G=T,A=C","7",NA
"rs201517815","chr1:154420028","(AC/-)",0.3282,-5428,0.9818,0.9595,"G=AC,A=-","6",NA
"rs4576655","chr1:154418749","(C/T)",0.3322,-6707,0.9893,0.9567,"G=C,A=T","5",NA
"rs12403159","chr1:154421521","(G/C)",0.3349,-3935,0.9923,0.9511,"G=G,A=C","7",NA
"rs4845373","chr1:154417829","(C/T)",0.3319,-7627,0.9801,0.9405,"G=C,A=T","4",NA
"rs12730036","chr1:154416969","(C/T)",0.3319,-8487,0.9786,0.9376,"G=C,A=T","5",NA
"rs12753254","chr1:154416935","(G/A)",0.3319,-8521,0.9786,0.9376,"G=G,A=A","5",NA
"rs11265613","chr1:154418415","(T/C)",0.3279,-7041,0.9666,0.9314,"G=T,A=C","6",NA
"rs6664201","chr1:154414296","(C/T)",0.3342,-11160,0.9801,0.9305,"G=C,A=T","5",NA
"rs4453032","chr1:154414086","(A/G)",0.3342,-11370,0.9801,0.9305,"G=A,A=G","4",NA
"rs4393147","chr1:154414037","(C/T)",0.3342,-11419,0.9801,0.9305,"G=C,A=T","3a",NA
"rs4845622","chr1:154411419","(A/C)",0.3342,-14037,0.9801,0.9305,"G=A,A=C","5",NA
"rs4845621","chr1:154409730","(G/A)",0.3346,-15726,0.98,0.9291,"G=G,A=A","5",NA
"rs7518199","chr1:154407419","(A/C)",0.3349,-18037,0.98,0.9277,"G=A,A=C","5",NA
"rs4845620","chr1:154406656","(A/G)",0.3356,-18800,0.98,0.9249,"G=A,A=G","7",NA
"rs56383622","chr1:154405024","(A/G)",0.3352,-20432,0.9785,0.9234,"G=A,A=G","4",NA
"rs4537545","chr1:154418879","(C/T)",0.3262,-6577,0.9589,0.9153,"G=C,A=T","4",NA
"rs4845623","chr1:154415777","(A/G)",0.3392,-9679,0.9799,0.9096,"G=A,A=G","5",NA
"rs4845372","chr1:154415396","(C/A)",0.3392,-10060,0.9799,0.9096,"G=C,A=A","5",NA
"rs7521458","chr1:154407713","(T/C)",0.3392,-17743,0.9799,0.9096,"G=T,A=C","7",NA
"rs6684439","chr1:154395839","(C/T)",0.3352,-29617,0.9677,0.9032,"G=C,A=T","5",NA
"rs6427394","chr1:157690415","(C/T)",0.4482,0,1,1,"C=C,T=T","7",NA
"rs2873405","chr1:157692044","(T/G)",0.4499,1629,1,0.9933,"C=T,T=G","4",NA
"rs1970265","chr1:157693714","(G/C)",0.4502,3299,1,0.9919,"C=G,T=C","6",NA
"rs2210918","chr1:157692985","(T/C)",0.4499,2570,0.9986,0.9906,"C=T,T=C","7",NA
"rs1977710","chr1:157693722","(A/G)",0.4502,3307,0.9986,0.9892,"C=A,T=G","7",NA
"rs11264804","chr1:157694612","(C/T)",0.4445,4197,0.9959,0.9772,"C=C,T=T","5",NA
"rs2317231","chr1:157686337","(G/T)",0.4372,-4078,1,0.9563,"C=G,T=T","7",NA
"rs2317230","chr1:157674997","(G/T)",0.4348,-15418,0.9777,0.9055,"C=G,T=T","3a",NA
"rs10917571","chr1:161519411","(C/A)",0.3897,0,1,1,"C=C,A=A","7",NA
